deal_id,player,from_club,to_club,window,outcome,fee_eur_actual,outcome_date,outcome_source_url,verified,notes
1,Alexander Isak,Newcastle United,Liverpool,2025-summer,completed,145000000,2025-09-01,https://www.liverpoolfc.com/news/liverpool-agree-british-record-ps125m-fee-isak,YES,British record fee; deadline day
2,Florian Wirtz,Bayer Leverkusen,Liverpool,2025-summer,completed,125000000,2025-06-20,https://www.cnn.com/2025/06/20/sport/florian-wirtz-liverpool-transfer-spt-intl,YES,"Fee disputed across sources (£100m base, up to £116m); spot-check"
3,Hugo Ekitike,Eintracht Frankfurt,Liverpool,2025-summer,completed,91500000,2025-07-23,https://www.liverpoolfc.com/news/liverpool-agree-deal-sign-hugo-ekitike-eintracht-frankfurt,YES,Liverpool hijacked Newcastle (see deal 37)
4,Benjamin Sesko,RB Leipzig,Manchester United,2025-summer,completed,85000000,2025-08-09,https://feeds.bbci.co.uk/sport/football/articles/cp89dmz39m9o,YES,
5,Bryan Mbeumo,Brentford,Manchester United,2025-summer,completed,82000000,2025-07-21,https://www.soccerway.com/news/soccer-premier-league-manchester-united-announce-arrival-of-forward-mbeumo-from-brentford/AHvJxSnD,YES,incl add-ons
6,Matheus Cunha,Wolverhampton Wanderers,Manchester United,2025-summer,completed,73000000,2025-06-12,https://www.skysports.com/football/news/11095/13375784,YES,
7,Viktor Gyokeres,Sporting CP,Arsenal,2025-summer,completed,63500000,2025-07-26,https://www.skysports.com/football/news/11095/13401260,YES,£55m + add-ons
8,Eberechi Eze,Crystal Palace,Arsenal,2025-summer,completed,78000000,2025-08-23,https://www.cbssports.com/soccer/news/eberechi-eze-signs-for-arsenal-gunners-make-transfer-from-crystal-palace-official-ahead-of-leeds-match,YES,Arsenal hijacked Tottenham (see deal 28)
9,Martin Zubimendi,Real Sociedad,Arsenal,2025-summer,completed,60000000,2025-07-06,https://www.skysports.com/football/news/11095/13376347,YES,£51m release clause
10,Noni Madueke,Chelsea,Arsenal,2025-summer,completed,60000000,2025-07-18,https://feeds.bbci.co.uk/sport/football/articles/cvg8j1l0751o,YES,incl add-ons
11,Tijjani Reijnders,AC Milan,Manchester City,2025-summer,completed,55000000,2025-06-11,https://www.skysports.com/football/news/11095/13379209,YES,
12,Joao Pedro,Brighton,Chelsea,2025-summer,completed,70000000,2025-07-02,https://www.espn.com/soccer/story/_/id/45628669,YES,
13,Jamie Gittens,Borussia Dortmund,Chelsea,2025-summer,completed,60000000,2025-07-05,https://www.chelseafc.com/en/teams/profile/jamie-gittens,YES,incl add-ons
14,Liam Delap,Ipswich Town,Chelsea,2025-summer,completed,35000000,2025-06-04,https://feeds.bbci.co.uk/sport/football/articles/c0k3dkd0gvno,YES,£30m release clause
15,Mohammed Kudus,West Ham United,Tottenham Hotspur,2025-summer,completed,64000000,2025-07-10,https://www.skysports.com/football/news/11095/13394694,YES,
16,Anthony Elanga,Nottingham Forest,Newcastle United,2025-summer,completed,63500000,2025-07-12,https://feeds.bbci.co.uk/sport/football/articles/ce9x4p492ydo,YES,incl add-ons
17,Nick Woltemade,VfB Stuttgart,Newcastle United,2025-summer,completed,80000000,2025-08-30,https://www.skysports.com/football/news/11095/13421141,YES,Joined Newcastle after Bayern move collapsed (see deal 31)
18,Dean Huijsen,AFC Bournemouth,Real Madrid,2025-summer,completed,59000000,2025-06-01,https://www.espn.com/soccer/story/_/id/45162232,YES,£50m release clause; agreed mid-May
19,Kevin De Bruyne,Manchester City,Napoli,2025-summer,completed,0,2025-06-11,https://www.skysports.com/football/news/11095/13375823,YES,Free transfer
20,Luis Diaz,Liverpool,Bayern Munich,2025-summer,completed,75000000,2025-07-30,https://www.espn.com/soccer/story/_/id/45840477,YES,incl add-ons
21,Jonathan Tah,Bayer Leverkusen,Bayern Munich,2025-summer,completed,0,2025-05-29,https://www.bavarianfootballworks.com/2025/5/29/24439200,YES,Free transfer; effective 1 July
22,Jobe Bellingham,Sunderland,Borussia Dortmund,2025-summer,completed,35500000,2025-06-10,https://feeds.bbci.co.uk/sport/football/articles/cp8y0j8k1vro,YES,
23,Granit Xhaka,Bayer Leverkusen,Sunderland,2025-summer,completed,20000000,2025-07-28,https://feeds.bbci.co.uk/sport/football/articles/cm219dkz1xno,YES,incl add-ons
24,Ardon Jashari,Club Brugge,AC Milan,2025-summer,completed,37000000,2025-08-06,https://www.acmilan.com/en/news/articles/media/2025-08-06/official-statement-ardon-jashari,YES,
25,Kingsley Coman,Bayern Munich,Al-Nassr,2025-summer,completed,30000000,2025-08-15,https://www.espn.com/soccer/story/_/id/45954204/kingsley-coman-transfer-bayern-munich-al-nassr,YES,
26,Marc Guehi,Crystal Palace,Liverpool,2025-summer,collapsed,,2025-09-01,https://www.skysports.com/football/news/11706/13423967,YES,Collapsed in final hours of deadline day; Palace couldn't sign a replacement. Guehi stayed.
27,Morgan Gibbs-White,Nottingham Forest,Tottenham Hotspur,2025-summer,collapsed,,2025-07-11,https://www.skysports.com/football/news/11095/13396393,YES,Medical lined up via release clause; Forest alleged illegal approach. Signed new Forest contract.
28,Eberechi Eze,Crystal Palace,Tottenham Hotspur,2025-summer,collapsed,,2025-08-23,https://www.skysports.com/football/news/11661/13390844,YES,"Deal in principle, then Arsenal hijacked it (see deal 8). Eze chose Arsenal."
29,Nico Williams,Athletic Club,Barcelona,2025-summer,collapsed,,2025-07-04,https://www.beinsports.com/en-us/soccer/la-liga/articles/the-saga-is-over-nico-williams-rejects-barcelona-and-extends-his-contract-with-athletic-club-2025-07-04,YES,Collapsed over release clause / LaLiga FFP registration. Signed new deal to 2035.
30,Ademola Lookman,Atalanta,Inter Milan,2025-summer,collapsed,,2025-08-18,https://tribuna.com/en/news/2025-08-18-ademola-lookman-move-to-inter-milan-off-romano/,YES,"Agreed personal terms, made transfer request, skipped training; Atalanta refused fee. Stayed."
31,Nick Woltemade,VfB Stuttgart,Bayern Munich,2025-summer,collapsed,,2025-08-30,https://global.espn.com/football/story/_/id/46105451,YES,Bayern made 3 bids then withdrew; signed Jackson loan instead. Woltemade went to Newcastle (deal 17).
32,Savinho,Manchester City,Tottenham Hotspur,2025-summer,collapsed,,2025-09-01,https://www.espn.com/soccer/story/_/id/46089045,YES,City refused to sell despite summer-long Spurs pursuit. Stayed.
33,Dusan Vlahovic,Juventus,AC Milan,2025-summer,collapsed,,2025-09-01,https://football-italia.net/vlahovic-milan-transfer-juventus-asking-price/,YES,Long Milan talks over wages/fee never closed. Stayed at Juventus.
34,Rodrygo,Real Madrid,Arsenal,2025-summer,collapsed,,2025-09-01,https://www.managingmadrid.com/2025/7/23/24472864/rodrygo-real-madrid-tottenham-arsenal-liverpool-rumors-2025,YES,Arsenal explored then dropped out over fee; signed Madueke/Gyokeres. Rodrygo stayed.
35,Antoine Semenyo,AFC Bournemouth,Tottenham Hotspur,2025-summer,collapsed,,2025-09-01,https://www.eplindex.com/133100/report-spurs-told-to-pay-65m-after-fresh-transfer-bid-fails.html,YES,Spurs walked away over ~£65-70m valuation. Stayed at Bournemouth.
36,Carlos Baleba,Brighton,Manchester United,2025-summer,collapsed,,2025-09-01,https://www.givemesport.com/man-utd-pull-out-carlos-baleba-transfer-huge-mistake/,YES,United chased all summer; Brighton held firm. United pulled out. Stayed.
37,Hugo Ekitike,Eintracht Frankfurt,Newcastle United,2025-summer,collapsed,,2025-07-23,https://www.si.com/soccer/hugo-ekitike-agent-reveals-how-liverpool-hijacked-newcastle-transfer,YES,"Newcastle agreed terms with club + player, then Liverpool hijacked (see deal 3)."
38,Florian Wirtz,Bayer Leverkusen,Bayern Munich,2025-summer,collapsed,,2025-06-20,https://www.liverpoolfc.com/news/liverpool-agree-signing-florian-wirtz-bayer-leverkusen,YES,Bayern long-linked for months; Wirtz chose Liverpool instead (see deal 2).
39,Andy Robertson,Liverpool,Tottenham Hotspur,2026-summer,completed,,2026-06-16,https://en.wikipedia.org/wiki/Andy_Robertson,YES,"[auto] player joined Tottenham Hotspur - the rumoured destination | He will leave Liverpool on 30 June 2026, upon the expiry of his contract, and will join Tottenham Hotspur."
40,Anthony Gordon,Newcastle,Barcelona,2026-summer,completed,,2026-06-17,https://en.wikipedia.org/wiki/Anthony_Gordon,YES,[auto] player joined Barcelona - the rumoured destination | He will join La Liga club Barcelona on 1 July 2026.
43,Curtis Jones,Liverpool,Inter Milan,2026-summer,unknown,,,,auto,[auto-ingested] 1 claim(s); to_club provisional
45,Éderson,Atalanta,Manchester United,2026-summer,completed,,2026-06-29,https://en.wikipedia.org/wiki/Éderson,YES,[auto] player joined Manchester United - the rumoured destination | On 2nd June 2026 it was announced that Manchester United had agreed a £35m deal with Atalanta to sign Ederson.
46,Elliot Anderson,Nottingham Forest,Manchester City,2026-summer,completed,,2026-07-05,https://en.wikipedia.org/wiki/Elliot_Anderson,YES,"[auto] player joined Manchester City - the rumoured destination | On 2 July 2026, Anderson joined Manchester City; the fee of £116 million was a record for an English footballer."
47,Hayden Hackney,Middlesbrough,Everton,2026-summer,completed,,2026-06-29,https://en.wikipedia.org/wiki/Hayden_Hackney,YES,[auto] player joined Everton - the rumoured destination | plays as a midfielder for Premier League club Everton
48,Ibrahima Konaté,Liverpool,Real Madrid,2026-summer,completed,,2026-06-18,https://en.wikipedia.org/wiki/Ibrahima_Konaté,YES,"[auto] player left Liverpool, joined Real Madrid (no destination was rumoured) | On 18 June 2026, Konate signed for La Liga club Real Madrid on a four-year contract."
49,Jan Paul van Hecke,Brighton,Tottenham Hotspur,2026-summer,completed,,2026-06-18,https://en.wikipedia.org/wiki/Jan_Paul_van_Hecke,YES,"[auto] player joined Tottenham Hotspur - the rumoured destination | On 18 June 2026, Van Hecke moved to fellow Premier League side Tottenham Hotspur on a long-term contract"
50,João Palhinha,Bayern Munich,Tottenham Hotspur,2026-summer,completed,,2026-07-05,https://en.wikipedia.org/wiki/João_Palhinha,auto,"[auto] player joined Tottenham Hotspur - the rumoured destination | On 3 August 2025, Palhinha moved to Tottenham Hotspur on a season-long loan with an option to make the deal permanent for €30 million."
51,Julian Alvarez,Atletico Madrid,Arsenal,2026-summer,unknown,,,,auto,[auto-ingested] 1 claim(s); to_club provisional
53,Marc Cucurella,Chelsea,Real Madrid,2026-summer,completed,,2026-06-16,https://en.wikipedia.org/wiki/Marc_Cucurella,YES,[auto] player joined Real Madrid - the rumoured destination | He will join La Liga club Real Madrid on 1 July 2026.
54,Marcus Rashford,,Barcelona,2026-summer,collapsed,,2026-07-23,https://en.wikipedia.org/wiki/Marcus_Rashford,auto,"[auto] player joined Aston Villa, not Barcelona - rumour did not happen | He was loaned to Aston Villa in 2025"
56,Mateus Fernandes,West Ham United,Tottenham Hotspur,2026-summer,completed,,2026-07-02,https://en.wikipedia.org/wiki/Mateus_Fernandes,YES,"[verified 2026-07-05] joined Tottenham for club-record GBP85m, officially announced | skysports.com/football/news/11095/13559479"
57,Michael Olise,Bayern Munich,Real Madrid,2026-summer,unknown,,,,auto,[auto-ingested] 1 claim(s); to_club provisional
59,Sandro Tonali,Newcastle,Tottenham Hotspur,2026-summer,completed,,2026-07-06,https://en.wikipedia.org/wiki/Sandro_Tonali,YES,"[auto] player joined Tottenham Hotspur - the rumoured destination | On 6 July 2026, Tonali signed for Tottenham Hotspur for a transfer fee of £100 million."
60,Nicolas Raskin,Rangers,Atalanta,2026-summer,unknown,,,,auto,[auto-ingested] 1 claim(s); to_club provisional
61,Barney Stewart,Falkirk,West Bromwich Albion,2026-summer,completed,,2026-06-17,https://en.wikipedia.org/wiki/Barney_Stewart,YES,"[auto] player joined West Bromwich Albion - the rumoured destination | On 17 June 2026, Stewart signed for EFL Championship club West Bromwich Albion, signing a four-year contract for an undisclosed fee."
62,Bernardo Silva,Manchester City,Real Madrid,2026-summer,completed,,2026-06-17,https://en.wikipedia.org/wiki/Bernardo_Silva,YES,[auto] player joined Real Madrid - the rumoured destination | He will join La Liga club Real Madrid on 1 July 2026.
64,Luka Vuskovic,Tottenham Hotspur,Brighton,2026-summer,collapsed,,2026-07-05,https://en.wikipedia.org/wiki/Luka_Vuskovic,auto,"[auto] player joined Hamburger SV, not Brighton - rumour did not happen | On 29 August 2025, Vušković moved on loan to Bundesliga club Hamburger SV in Germany, joining his brother Mario."
66,Victor Munoz,Osasuna,Liverpool,2026-summer,completed,,2026-06-22,https://en.wikipedia.org/wiki/Victor_Munoz,YES,"[auto] player joined Liverpool - the rumoured destination | On 18 June 2026, Premier League club Liverpool bought out Muñoz from Osasuna"
68,Jeremy Monga,Leicester City,Manchester City,2026-summer,completed,,2026-08-07,https://en.wikipedia.org/wiki/Jeremy_Monga,YES,"[auto] player joined Manchester City - the rumoured destination | On 11 July 2026, Monga signed for Premier League club Manchester City on a five-year deal."
70,Harry Wilson,Fulham,Leeds,2026-summer,completed,,2026-08-07,https://en.wikipedia.org/wiki/Harry_Wilson,YES,"[auto] player joined Leeds United - the rumoured destination | On 8 July 2026, Wilson joined Leeds United on a free transfer."
72,Adam Wharton,,Tottenham Hotspur,2026-summer,unknown,,,,auto,[auto-ingested] 1 claim(s); to_club provisional
74,Florian Wirtz,,Chelsea,2026-summer,collapsed,,2026-07-05,https://en.wikipedia.org/wiki/Florian_Wirtz,auto,"[auto] player joined Liverpool, not Chelsea - rumour did not happen | On 20 June 2025, Wirtz joined Premier League club Liverpool on a long-term contract."
75,Ghuendouz,,Hearts,2026-summer,unknown,,,,auto,[auto-ingested] 1 claim(s); to_club provisional
76,Broja,Burnley,,2026-summer,unknown,,,,auto,[auto-ingested] 1 claim(s); to_club provisional
77,Lucas Bergvall,Tottenham Hotspur,Nottingham Forest,2026-summer,unknown,,,,auto,[auto-ingested] 2 claim(s); to_club provisional
78,Morgan Rogers,Aston Villa,Chelsea,2026-summer,completed,,2026-08-07,https://en.wikipedia.org/wiki/Morgan_Rogers,YES,"[auto] player joined Chelsea - the rumoured destination | On 21 July 2026, Rogers joined Premier League club Chelsea."
82,Svoboda,Venezia,Brighton & Hove Albion,2026-summer,completed,,2026-07-02,,YES,"[verified 2026-07-05] Svoboda joined Brighton from Venezia, ~EUR5m clause | beinsports.com veltman-leaves-brighton-as-svoboda-arrives"
84,Marco Palestra,Atalanta,Chelsea,2026-summer,completed,,2026-06-24,https://en.wikipedia.org/wiki/Marco_Palestra,YES,"[auto] player joined Chelsea - the rumoured destination | On 24 June 2026, Palestra joined Chelsea"
86,Ross McCrorie,Bristol City,Rangers,2026-summer,completed,,2026-06-26,https://en.wikipedia.org/wiki/Ross_McCrorie,YES,"[auto] player joined Rangers - the rumoured destination | On 25 June 2026, McCrorie returned to Rangers on a three-year contract with the option of a further year."
87,Malo Gusto,Chelsea,,2026-summer,unknown,,,,auto,[auto-ingested] 1 claim(s); to_club provisional
88,Martin Dubravka,Burnley,Tottenham Hotspur,2026-summer,completed,,2026-06-25,https://en.wikipedia.org/wiki/Martin_Dubravka,YES,"[auto] player joined Tottenham Hotspur - the rumoured destination | On 24 June 2026, Dúbravka joined Premier League club Tottenham Hotspur"
90,Andre Onana,Manchester United,Trabzonspor,2026-summer,completed,,2026-07-03,https://en.wikipedia.org/wiki/Andre_Onana,YES,"[verified 2026-07-05] season-long loan to Trabzonspor officially announced by Man Utd (2026-27, distinct from 2025 loan) | manutd.com/en/news/andre-onana-rejoins-trabzonspor-on-loan-2026"
91,Anthony Jaidon,Burnley,Brentford,2026-summer,unknown,,,,auto,[auto-ingested] 1 claim(s); to_club provisional
92,Granit Xhaka,Sunderland,Chelsea,2026-summer,unknown,,,,auto,[auto-ingested] 1 claim(s); to_club provisional
93,Alexsandro,Lille,Ipswich,2026-summer,unknown,,,,auto,[auto-ingested] 1 claim(s); to_club provisional
94,Robert Lewandowski,Barcelona,Chicago Fire,2026-summer,completed,,2026-06-30,https://en.wikipedia.org/wiki/Robert_Lewandowski,YES,"[auto] player joined Chicago Fire - the rumoured destination | Following his departure from Barcelona at the end of the 2025–26 season, Lewandowski joined Major League Soccer club Chicago Fire in June 2026."
95,Alex Scott,Bournemouth,Arsenal,2026-summer,unknown,,,,auto,[auto-ingested] 1 claim(s); to_club provisional
96,Dan Neil,Sunderland,Rangers,2026-summer,completed,,2026-07-05,https://en.wikipedia.org/wiki/Dan_Neil,YES,"[auto] player joined Rangers - the rumoured destination | On 1 July 2026, Neil signed for Rangers on a three-year contract."
97,Alex Oxlade-Chamberlain,,Celtic,2026-summer,unknown,,,,auto,[auto-ingested] 1 claim(s); to_club provisional
98,Andrey Santos,Chelsea,Manchester United,2026-summer,completed,,2026-07-14,https://en.wikipedia.org/wiki/Andrey_Santos,YES,"[auto] player joined Manchester United - the rumoured destination | On 13 July 2026, Santos joined Manchester United on a five-year contract."
99,Angus Gunn,Nottingham Forest,San Jose Earthquakes,2026-summer,completed,,2026-08-07,https://en.wikipedia.org/wiki/Angus_Gunn,YES,"[auto] player joined San Jose Earthquakes - the rumoured destination | On 8 July 2026, it was announced that Gunn would join Major League Soccer side San Jose Earthquakes on five days later when the MLS transfer window opened."
100,Aurelien Tchouameni,Real Madrid,Manchester United,2026-summer,unknown,,,,auto,[auto-ingested] 1 claim(s); to_club provisional
101,Crysencio Summerville,West Ham,Al Hilal,2026-summer,completed,,2026-08-07,https://en.wikipedia.org/wiki/Crysencio_Summerville,YES,"[auto] player joined Al Hilal - the rumoured destination | On 24 July 2026, Summerville moved to Saudi Pro League club Al Hilal on a four-year contract in a deal reportedly worth an initial £55 million (€64.4 million), plus £5 million (€5.9 million) in add-ons."
102,Denzel Dumfries,Inter Milan,Real Madrid,2026-summer,completed,,2026-07-05,https://en.wikipedia.org/wiki/Denzel_Dumfries,YES,[auto] player joined Real Madrid - the rumoured destination | He eventually joined La Liga club Real Madrid in July 2026.
103,Echeverri,,Monza,2026-summer,unknown,,,,auto,[auto-ingested] 1 claim(s); to_club provisional
104,Kieron Bowie,Hellas Verona,Sassuolo,2026-summer,completed,,2026-08-01,https://en.wikipedia.org/wiki/Kieron_Bowie,YES,"[auto] player left Hellas Verona, joined Sassuolo (no destination was rumoured) | Following Verona's relegation, Bowie stayed in Serie A by joining Sassuolo on loan."
106,Nathan Ake,Manchester City,Fenerbahce,2026-summer,completed,,2026-07-05,https://en.wikipedia.org/wiki/Nathan_Ake,YES,"[auto] player joined Fenerbahçe - the rumoured destination | On 3 July 2026, Turkish side Fenerbahçe announced the signing of Aké."
107,Piero Hincapie,Bayer Leverkusen,Arsenal,2026-summer,completed,,2026-06-25,https://en.wikipedia.org/wiki/Piero_Hincapie,YES,"[verified 2026-07-05] permanent GBP34.5m transfer from Leverkusen, summer 2026 window | en.wikipedia.org/wiki/List_of_English_football_transfers_summer_2026"
108,Tyrique George,Chelsea,Everton,2026-summer,completed,,2026-07-06,https://en.wikipedia.org/wiki/Tyrique_George,YES,"[auto] player joined Everton - the rumoured destination | On 6 July 2026, he joined Everton on a permanent deal, signing a four-year contract with the club."
110,Bruno Guimaraes,Newcastle United,Arsenal,2026-summer,completed,,2026-08-08,https://en.wikipedia.org/wiki/Bruno_Guimaraes,auto,"[auto] player joined Arsenal - the rumoured destination | On 8 August 2026, Guimarães signed a four-year contract with Arsenal for a reported transfer fee of around £75m."
112,Felix Nmecha,Borussia Dortmund,Manchester United,2026-summer,unknown,,,,auto,[auto-ingested] 1 claim(s); to_club provisional
114,Ben Godfrey,Atalanta,Rangers,2026-summer,completed,,2026-06-29,https://en.wikipedia.org/wiki/Ben_Godfrey,YES,"[verified 2026-07-05] season-long loan with buy option, announced by Rangers (auto collapse via stale 2025 evidence was WRONG) | rangers.co.uk/article/rangers-sign-ben-godfrey-on-loan-from-atalanta"
115,Bradley Barcola,Paris Saint-Germain,Liverpool,2026-summer,unknown,,,,auto,[auto-ingested] 1 claim(s); to_club provisional
117,Harry Kane,Bayern Munich,Al-Hilal,2026-summer,unknown,,,,auto,[auto-ingested] 1 claim(s); to_club provisional
118,Ivor Pandur,Hull City,Rangers,2026-summer,completed,,2026-07-05,https://en.wikipedia.org/wiki/Ivor_Pandur,YES,"[auto] player joined Rangers - the rumoured destination | On 30 June 2026, Rangers announced the signing of Pandur on a four-year deal."
120,Maxence Lacroix,Crystal Palace,Chelsea,2026-summer,completed,,2026-07-30,https://en.wikipedia.org/wiki/Maxence_Lacroix,YES,"[auto] player joined Chelsea - the rumoured destination | On 30 July 2026, Lacroix signed a six-year contract with Chelsea until 2032 in a deal worth £52 million."
121,Pascal Struijk,Leeds United,Brighton & Hove Albion,2026-summer,completed,,2026-07-05,https://en.wikipedia.org/wiki/Pascal_Struijk,YES,"[auto] player joined Brighton & Hove Albion - the rumoured destination | On 30 June 2026, Struijk signed a five-year contract with Brighton & Hove Albion."
122,Tjark Ernst,Celtic,Wolfsburg,2026-summer,unknown,,,,auto,[auto-ingested] 1 claim(s); to_club provisional
123,Trevoh Chalobah,Chelsea,Como,2026-summer,completed,,2026-08-10,https://en.wikipedia.org/wiki/Trevoh_Chalobah,auto,"[auto] player joined Como - the rumoured destination | On 9 August 2026, Chalobah signed for Serie A club Como on a deal until 2031."
124,Yan Diomande,RB Leipzig,Real Madrid,2026-summer,completed,,2026-08-07,https://en.wikipedia.org/wiki/Yan_Diomande,YES,"[auto] player joined Real Madrid - the rumoured destination | On 6 August 2026, Diomande returned to La Liga, signing for Real Madrid on a seven-year contract until 30 June 2033."
126,Jérémy Jacquet,Rennes,Liverpool,2026-summer,completed,,2026-07-01,,YES,[verified 2026-07-05] joined Liverpool for GBP55m from Rennes | en.wikipedia.org/wiki/List_of_English_football_transfers_summer_2026
127,Kroupi,,Tottenham Hotspur,2026-summer,unknown,,,,auto,[auto-ingested] 1 claim(s); to_club provisional
128,Lewis Ferguson,Bologna,Rangers,2026-summer,unknown,,,,auto,[auto-ingested] 1 claim(s); to_club provisional
129,Bazoumana Toure,Hoffenheim,Newcastle United,2026-summer,completed,,2026-07-05,https://en.wikipedia.org/wiki/Bazoumana_Toure,YES,"[auto] player joined Newcastle United - the rumoured destination | On 5 July 2026, Touré signed for Premier League club Newcastle United on a £42 million transfer fee."
130,Rasmus Hojlund,Manchester United,Napoli,2026-summer,completed,,2026-06-29,,YES,"[verified 2026-07-05] outage coverage gap, added from census | en.wikipedia.org/wiki/List_of_English_football_transfers_summer_2026"
131,Geovany Quenda,Sporting CP,Chelsea,2026-summer,completed,,2026-07-01,,YES,"[verified 2026-07-05] outage coverage gap, added from census | en.wikipedia.org/wiki/List_of_English_football_transfers_summer_2026"
132,Donyell Malen,Aston Villa,Roma,2026-summer,completed,,2026-06-29,,YES,"[verified 2026-07-05] outage coverage gap, added from census | en.wikipedia.org/wiki/List_of_English_football_transfers_summer_2026"
133,Ewen Jaouen,Reims,Newcastle United,2026-summer,completed,,2026-06-15,,YES,"[verified 2026-07-05] outage coverage gap, added from census | en.wikipedia.org/wiki/List_of_English_football_transfers_summer_2026"
134,Florentino Luis,Benfica,Burnley,2026-summer,completed,,2026-06-15,,YES,"[verified 2026-07-05] outage coverage gap, added from census | en.wikipedia.org/wiki/List_of_English_football_transfers_summer_2026"
135,Costinha,Olympiacos,Brighton & Hove Albion,2026-summer,completed,,2026-06-15,,YES,"[verified 2026-07-05] outage coverage gap, added from census | en.wikipedia.org/wiki/List_of_English_football_transfers_summer_2026"
136,Jannik Schuster,Red Bull Salzburg,Brentford,2026-summer,completed,,2026-06-15,,YES,"[verified 2026-07-05] outage coverage gap, added from census | en.wikipedia.org/wiki/List_of_English_football_transfers_summer_2026"
137,Modou Keba Cisse,LASK,Aston Villa,2026-summer,completed,,2026-06-15,,YES,"[verified 2026-07-05] outage coverage gap, added from census | en.wikipedia.org/wiki/List_of_English_football_transfers_summer_2026"
138,Jimmy-Jay Morgan,Chelsea,West Bromwich Albion,2026-summer,completed,,2026-06-18,,YES,"[verified 2026-07-05] outage coverage gap, added from census | en.wikipedia.org/wiki/List_of_English_football_transfers_summer_2026"
139,Jeremy Sarmiento,Brighton & Hove Albion,Middlesbrough,2026-summer,completed,,2026-06-15,,YES,"[verified 2026-07-05] outage coverage gap, added from census | en.wikipedia.org/wiki/List_of_English_football_transfers_summer_2026"
141,Callum Wilson,West Ham,Brentford,2026-summer,completed,,2026-08-07,https://en.wikipedia.org/wiki/Callum_Wilson,auto,"[auto] player joined Brentford - the rumoured destination | On 9 July 2026, Wilson joined Brentford on a free transfer, signing a one-year contract."
142,Sean Steur,Ajax,Newcastle United,2026-summer,completed,,2026-07-09,https://en.wikipedia.org/wiki/Sean_Steur,YES,"[auto] player joined Newcastle United - the rumoured destination | In July 2026, Steur joined Premier League side Newcastle United on a five-year deal."
143,Camilo Duran,Qarabag,Celtic,2026-summer,completed,,2026-07-08,https://en.wikipedia.org/wiki/Camilo_Duran,YES,"[auto] player joined Celtic - the rumoured destination | On 08 July 2026, he transferred to the Scottish Premiership club Celtic."
144,Illan Meslier,Leeds United,Arsenal,2026-summer,completed,,2026-07-11,https://en.wikipedia.org/wiki/Illan_Meslier,YES,"[auto] player joined Arsenal - the rumoured destination | On 9 July 2026, Meslier signed for reigning Premier League champions Arsenal, and he was assigned the number 30."
145,Josh Clarke,Partick Thistle,Doncaster Rovers,2026-summer,completed,,2026-07-07,https://en.wikipedia.org/wiki/Josh_Clarke,YES,"[auto] player joined Doncaster Rovers - the rumoured destination | On 7 July 2026, it was announced that Clarke would join EFL League One club Doncaster Rovers on an initial loan, which is expected to become permanent in January 2027, for an undisclosed fee."
148,Johan Manzambi,Sport-Club Freiburg,Aston Villa,2026-summer,completed,,2026-08-07,https://en.wikipedia.org/wiki/Johan_Manzambi,YES,"[auto] player joined Aston Villa - the rumoured destination | On 17 July 2026, Manzambi signed for Premier League club Aston Villa, for an undisclosed fee."
149,Mason Greenwood,Marseille,Fenerbahce,2026-summer,unknown,,,,auto,[auto-ingested] 1 claim(s); to_club provisional
150,Bowie,,Celtic,2026-summer,unknown,,,,auto,[auto-ingested] 1 claim(s); to_club provisional
151,Karl Darlow,Leeds United,Manchester United,2026-summer,completed,,2026-07-14,https://en.wikipedia.org/wiki/Karl_Darlow,YES,"[auto] player joined Manchester United - the rumoured destination | On 14 July 2026, Darlow signed for Manchester United on a free transfer, signing a two-year contract."
152,Oscar Mingueza,Celta Vigo,Crystal Palace,2026-summer,unknown,,,,auto,[auto-ingested] 1 claim(s); to_club provisional
154,Randal Kolo Muani,,Tottenham Hotspur,2026-summer,completed,,2026-07-10,https://en.wikipedia.org/wiki/Randal_Kolo_Muani,auto,"[auto] player joined Tottenham Hotspur - the rumoured destination | On 1 September 2025, Kolo Muani joined Tottenham Hotspur on loan for the rest of the season."
157,Topi Keskinen,Aberdeen,Odense,2026-summer,unknown,,,,auto,[auto-ingested] 1 claim(s); to_club provisional
158,Cammy Devlin,Heart of Midlothian,Rangers,2026-summer,completed,,2026-07-11,https://en.wikipedia.org/wiki/Cammy_Devlin,YES,"[auto] player joined Rangers - the rumoured destination | On 11 July 2026, Devlin signed for Rangers on a two-year deal, with the option of a further year."
159,Tom Lockyer,,Melbourne Victory,2026-summer,completed,,2026-07-12,https://en.wikipedia.org/wiki/Tom_Lockyer,YES,"[auto] player joined Melbourne Victory - the rumoured destination | On 11 July 2026, he joined A-League Men side Melbourne Victory ahead of the 2026–27 season."
160,Alejandro Garnacho,Chelsea,Aston Villa,2026-summer,completed,,2026-07-23,https://en.wikipedia.org/wiki/Alejandro_Garnacho,YES,"[auto] player left Chelsea, joined Aston Villa (no destination was rumoured) | On 23 July 2026, Garnacho signed for fellow Premier League club Aston Villa on a season-long loan, with an obligation to buy if certain undisclosed conditions were met."
161,Alex Jimenez,Bournemouth,Fiorentina,2026-summer,completed,,2026-08-07,https://en.wikipedia.org/wiki/Alex_Jimenez,auto,"[auto] player joined Fiorentina - the rumoured destination | On 16 July 2026, Jiménez joined Serie A side Fiorentina on loan with an option to buy."
162,Loum Tchaouna,Burnley,Coventry City,2026-summer,completed,,2026-07-11,https://en.wikipedia.org/wiki/Loum_Tchaouna,YES,"[auto] player joined Coventry City - the rumoured destination | On 11th July 2026, Tchaouna signed a five-year deal with newly-promoted Coventry City for an undisclosed fee."
164,Rafiki Said,Standard Liege,Wolves,2026-summer,completed,,2026-07-12,https://en.wikipedia.org/wiki/Rafiki_Said,YES,"[auto] player joined Wolverhampton Wanderers - the rumoured destination | On 11 July 2026, Saïd joined EFL Championship Club Wolverhampton Wanderers on a 3 year contract with the option for an extra 12 month extension."
165,Youri Tielemans,Aston Villa,Manchester United,2026-summer,completed,,2026-07-14,https://en.wikipedia.org/wiki/Youri_Tielemans,YES,"[auto] player joined Manchester United - the rumoured destination | On 14 July, fellow Premier League club Manchester United signed Tielemans to a five-year contract after activating his release clause."
166,Lewis Smith,Livingston,Aberdeen,2026-summer,completed,,2026-07-14,https://en.wikipedia.org/wiki/Lewis_Smith,YES,[auto] player joined Aberdeen - the rumoured destination | In July 2026 he transferred to Aberdeen.
167,Pervis Estupinan,,Aston Villa,2026-summer,collapsed,,2026-07-14,https://en.wikipedia.org/wiki/Pervis_Estupinan,auto,"[auto] player joined AC Milan, not Aston Villa - rumour did not happen | On 24 July 2025, Estupiñán signed a five-year contract with Italian Serie A side AC Milan for an undisclosed fee, reported to be at least £17 million."
168,Youssef Chermiti,Rangers,Scottish Premiership club Rangers,2026-summer,completed,,2026-07-26,https://en.wikipedia.org/wiki/Youssef_Chermiti,auto,"[auto] player left Rangers, joined Scottish Premiership club Rangers (no destination was rumoured) | On 1 September 2025, Chermiti moved to Scottish Premiership club Rangers in a deal worth £8 million, which could rise to £10 million with add-ons"
169,Ayyoub Bouaddi,Lille,Manchester City,2026-summer,unknown,,,,auto,[auto-ingested] 2 claim(s); to_club provisional
172,Alvaro Rodriguez,Elche,Bournemouth,2026-summer,completed,,2026-07-14,https://en.wikipedia.org/wiki/Alvaro_Rodriguez,YES,"[auto] player joined AFC Bournemouth - the rumoured destination | On 14 July 2026, he signed for Premier League club AFC Bournemouth on a long term deal."
173,Leandro Trossard,Arsenal,Besiktas,2026-summer,completed,,2026-07-15,https://en.wikipedia.org/wiki/Leandro_Trossard,YES,"[auto] player joined Beşiktaş - the rumoured destination | On 14 July 2026, Arsenal announced that they had reached an agreement with Turkish Super Lig side Beşiktaş for Trossard."
175,Noemie Mouchon,Leicester City,Everton,2026-summer,unknown,,,,auto,[auto-ingested] 1 claim(s); to_club provisional
176,Stephy Mavididi,Leicester City,Rangers,2026-summer,unknown,,,,auto,[auto-ingested] 1 claim(s); to_club provisional
177,Tarik Muharemovic,Sassuolo,Leeds United,2026-summer,completed,,2026-07-17,https://en.wikipedia.org/wiki/Tarik_Muharemovic,YES,"[auto] player joined Leeds United - the rumoured destination | In July 2026, Muharemović signed a five-year deal with English outfit Leeds United."
178,Antonio Silva,Benfica,Bournemouth,2026-summer,completed,,2026-08-01,https://en.wikipedia.org/wiki/Antonio_Silva,YES,"[auto] player joined Bournemouth - the rumoured destination | On 1 August 2026, Silva signed for Bournemouth in the Premier League in a deal reportedly worth up £26 million."
179,Aurele Amenda,Eintracht Frankfurt,Coventry City,2026-summer,completed,,2026-07-17,https://en.wikipedia.org/wiki/Aurele_Amenda,YES,"[auto] player joined Coventry City - the rumoured destination | On 16 July 2026, Amenda signed with Premier League club Coventry City on a 'long-term contract' for an undisclosed fee."
181,Thomas Meunier,Lille,Sunderland,2026-summer,completed,,2026-07-17,https://en.wikipedia.org/wiki/Thomas_Meunier,YES,[auto] player joined Sunderland - the rumoured destination | He later played for Trabzonspor and Lille before signing for Sunderland in 2026.
182,Emily Ramsey,Everton,Aston Villa,2026-summer,completed,,2026-07-16,https://en.wikipedia.org/wiki/Emily_Ramsey,auto,"[auto] player joined Aston Villa - the rumoured destination | On 15 July 2026, Ramsey signed for Aston Villa on a free transfer."
183,Rues,,Heart of Midlothian,2026-summer,unknown,,,,auto,[auto-ingested] 1 claim(s); to_club provisional
184,Joao Gomes,Wolverhampton Wanderers,Aston Villa,2026-summer,completed,,2026-07-21,https://en.wikipedia.org/wiki/Joao_Gomes,YES,"[auto] player joined Aston Villa - the rumoured destination | On 20 July 2026, Gomes signed for Premier League club Aston Villa."
185,Marius Muller,Wolfsburg,Aberdeen,2026-summer,completed,,2026-07-17,https://en.wikipedia.org/wiki/Marius_Muller,YES,"[auto] player joined Aberdeen - the rumoured destination | On 15 July 2026, Müller signed a two-year contract with Aberdeen in Scotland."
186,Matias Moreno,,Wrexham,2026-summer,unknown,,,,auto,[auto-ingested] 1 claim(s); to_club provisional
187,Christos Tzolis,Club Brugge,Arsenal,2026-summer,completed,,2026-07-21,https://en.wikipedia.org/wiki/Christos_Tzolis,YES,"[auto] player joined Arsenal - the rumoured destination | On 17 July 2026, Club Brugge manager Ivan Leko announced that Tzolis would be leaving the club for Arsenal, for a reported transfer fee of €34 million."
191,Djed Spence,Tottenham Hotspur,Inter Milan,2026-summer,completed,,2026-08-16,https://en.wikipedia.org/wiki/Djed_Spence,auto,"[auto] player joined Inter Milan - the rumoured destination | On 15 August 2026, Spence joined Serie A side Inter Milan for a reported fee of €31.5 million plus bonuses, signing a five-year contract."
193,Isabella Damm,Brondby IF,Arsenal,2026-summer,unknown,,,,auto,[auto-ingested] 1 claim(s); to_club provisional
195,Maxime Esteve,Burnley,RB Leipzig,2026-summer,completed,,2026-07-17,https://en.wikipedia.org/wiki/Maxime_Esteve,YES,"[auto] player joined RB Leipzig - the rumoured destination | On 17 July 2026, Estève signed for RB Leipzig on a five-year deal."
196,Beau Reus,,Heart of Midlothian,2026-summer,completed,,2026-07-18,https://en.wikipedia.org/wiki/Beau_Reus,YES,"[auto] player joined Heart of Midlothian - the rumoured destination | On 17 July 2026, Reus joined Scottish Premiership club Heart of Midlothian on a three-year deal."
197,Kelechi Iheanacho,Celtic,Bursaspor,2026-summer,completed,,2026-07-19,https://en.wikipedia.org/wiki/Kelechi_Iheanacho,YES,"[auto] player joined Bursaspor - the rumoured destination | On 17 July 2026, Iheanacho signed for TFF 1. Lig side Bursaspor."
198,Ezri Konsa,Aston Villa,Arsenal,2026-summer,unknown,,,,auto,[auto-ingested] 1 claim(s); to_club provisional
199,Haissem Hassan,Real Oviedo,Celtic,2026-summer,completed,,2026-08-13,https://en.wikipedia.org/wiki/Haissem_Hassan,auto,"[auto] player joined Celtic - the rumoured destination | On 12 August 2026, Hassan signed a four-year contract with Celtic with an option for another year."
200,Elliot Watt,Motherwell,Samsunspor,2026-summer,completed,,2026-07-20,https://en.wikipedia.org/wiki/Elliot_Watt,YES,"[auto] player joined Samsunspor - the rumoured destination | On 18 July 2026, Watt joined Süper Lig club Samsunspor on a four-year contract for an undisclosed fee."
201,Savinho,Manchester City,Tottenham Hotspur,2026-summer,unknown,,,,auto,[auto-ingested] 1 claim(s); to_club provisional
202,Elijah Just,Motherwell,Swansea City,2026-summer,completed,,2026-07-23,https://en.wikipedia.org/wiki/Elijah_Just,YES,"[auto] player joined Swansea City - the rumoured destination | On 22 July 2026, Just signed a three-year contract with EFL Championship club Swansea City."
204,John Stones,Manchester City,Inter Milan,2026-summer,completed,,2026-08-07,https://en.wikipedia.org/wiki/John_Stones,YES,"[auto] player joined Inter Milan - the rumoured destination | On 30 July 2026, Stones joined Serie A club Inter Milan on a free transfer, signing a two-year contract until 2028."
205,Laurent Mendy,Forest Green Rovers,Hearts,2026-summer,completed,,2026-08-07,https://en.wikipedia.org/wiki/Laurent_Mendy,YES,"[auto] player joined Heart of Midlothian - the rumoured destination | The transfer was confirmed on 24 July, and Mendy signed a three-year contract with Hearts."
208,Daizen Maeda,Celtic,Ipswich Town,2026-summer,completed,,2026-07-25,https://en.wikipedia.org/wiki/Daizen_Maeda,YES,"[auto] player joined Ipswich Town - the rumoured destination | On 25 July 2026, Daizen signed for Premier League side Ipswich Town."
209,Jhon Duran,Al-Nassr,Benfica,2026-summer,collapsed,,2026-07-21,https://en.wikipedia.org/wiki/Jhon_Duran,auto,"[auto] player joined Fenerbahçe, not Benfica - rumour did not happen | On 6 July 2025, Durán was loaned to Turkish Süper Lig side Fenerbahçe for the 2025–26 season."
210,Akane Okuma,,Aston Villa,2026-summer,unknown,,,,auto,[auto-ingested] 1 claim(s); to_club provisional
211,Jutta Rantala,Leicester City,Everton,2026-summer,completed,,2026-07-22,https://en.wikipedia.org/wiki/Jutta_Rantala,auto,"[auto] player joined Everton - the rumoured destination | On 22 July 2026, Rantala was announced at Everton."
212,Abdul Fatawu,,Ipswich Town,2026-summer,completed,,2026-07-21,https://en.wikipedia.org/wiki/Abdul_Fatawu,YES,"[auto] player joined Ipswich Town - the rumoured destination | On 21 July 2026, Fatawu joined newly promoted Premier League club Ipswich Town for an undisclosed fee on a five year contract."
213,Holly McNamara,Melbourne City,Everton,2026-summer,completed,,2026-07-21,https://en.wikipedia.org/wiki/Holly_McNamara,auto,"[auto] player joined Everton - the rumoured destination | In July 2026, McNamara signed for English club Everton"
214,Will Lankshear,Tottenham Hotspur,Middlesbrough,2026-summer,collapsed,,2026-07-21,https://en.wikipedia.org/wiki/Will_Lankshear,auto,"[auto] player joined Oxford United, not Middlesbrough - rumour did not happen | On 5 August 2025, Lankshear joined Championship side Oxford United on a season-long loan."
215,Leanne Kiernan,Liverpool,Newcastle United,2026-summer,completed,,2026-07-28,https://en.wikipedia.org/wiki/Leanne_Kiernan,auto,"[auto] player joined Newcastle United - the rumoured destination | On 28 July 2026, Kiernan was announced at Newcastle United."
216,Mika Baur,Paderborn,Celtic,2026-summer,completed,,2026-08-13,https://en.wikipedia.org/wiki/Mika_Baur,auto,"[auto] player joined Celtic - the rumoured destination | On 13 August 2026, Baur signed with Scottish Premiership club Celtic."
217,Ousmane Diomande,Sporting Lisbon,Nottingham Forest,2026-summer,completed,,2026-08-11,https://en.wikipedia.org/wiki/Ousmane_Diomande,auto,"[auto] player joined Nottingham Forest - the rumoured destination | On 11 August 2026, Diomande signed for Premier League club Nottingham Forest on a four-year contract with an option to extend for a further year."
218,Warren Zaire-Emery,Paris Saint-Germain,Manchester United,2026-summer,unknown,,,,auto,[auto-ingested] 1 claim(s); to_club provisional
219,Casemiro,Manchester United,Inter Miami,2026-summer,completed,,2026-07-22,https://en.wikipedia.org/wiki/Casemiro,YES,"[auto] player joined Inter Miami CF - the rumoured destination | On 22 July 2026, Major League Soccer side Inter Miami CF announced that they had signed Casemiro to a contract through the end of the 2027 season."
220,Issa Diop,Fulham,Ipswich Town,2026-summer,completed,,2026-07-22,https://en.wikipedia.org/wiki/Issa_Diop,YES,"[auto] player joined Ipswich Town - the rumoured destination | On 22 July 2026, Diop signed a four-year contract with Ipswich Town."
222,Maghnes Akliouche,Monaco,Liverpool,2026-summer,collapsed,,2026-08-06,https://en.wikipedia.org/wiki/Maghnes_Akliouche,auto,"[auto] player joined Paris Saint-Germain, not Liverpool - rumour did not happen | On 6 August 2026 Akliouche signed with the french giants PSG for 50M€."
223,Rodrigo Hernández,Manchester City,Barcelona,2026-summer,completed,,2026-08-19,https://en.wikipedia.org/wiki/Rodrigo_Hernández,auto,"[auto] player joined Barcelona - the rumoured destination | On 18 August 2026, Rodri signed for La Liga champions Barcelona on a four-year contract."
224,Ryan Fosso,Sturm Graz,Rangers,2026-summer,collapsed,,2026-08-19,https://en.wikipedia.org/wiki/Ryan_Fosso,auto,"[auto] player joined Standard Liège, not Rangers - rumour did not happen | On 14 August 2026, Fosso joined Belgian club Standard Liège with a three-season contract."
225,Aladji Bamba,Monaco,Newcastle United,2026-summer,completed,,2026-07-24,https://en.wikipedia.org/wiki/Aladji_Bamba,YES,"[auto] player joined Newcastle United - the rumoured destination | On 24 July 2026, Bamba signed for Premier League club Newcastle United on a five year deal."
227,Eduardo Camavinga,Real Madrid,Manchester United,2026-summer,unknown,,,,auto,[auto-ingested] 1 claim(s); to_club provisional
228,James Trafford,Manchester City,Leeds United,2026-summer,completed,,2026-08-07,https://en.wikipedia.org/wiki/James_Trafford,YES,"[auto] player joined Leeds United - the rumoured destination | The transfer was completed on 6 August 2026, for £45 million."
229,Karim Adeyemi,Borussia Dortmund,Barcelona,2026-summer,completed,,2026-07-23,https://en.wikipedia.org/wiki/Karim_Adeyemi,YES,"[auto] player joined Barcelona - the rumoured destination | On 23 July 2026, Adeyemi joined Barcelona on a five-year deal."
230,Manu Koné,Roma,Manchester City,2026-summer,unknown,,,,auto,[auto-ingested] 1 claim(s); to_club provisional
232,Vanja Dragojevic,Partizan,Rangers,2026-summer,unknown,,,,auto,[auto-ingested] 1 claim(s); to_club provisional
233,Janina Leitzig,Leicester City,Manchester United,2026-summer,completed,,2026-07-24,https://en.wikipedia.org/wiki/Janina_Leitzig,auto,"[auto] player joined Manchester United - the rumoured destination | In July 2026, Leitzig joined Manchester United for an undisclosed fee."
234,Kasper Hogh,Bodo/Glimt,Celtic,2026-summer,completed,,2026-07-28,https://en.wikipedia.org/wiki/Kasper_Hogh,YES,"[auto] player joined Celtic - the rumoured destination | On 28 July 2026, it was confirmed that Høgh had signed a contract to join Scottish Premiership side Celtic."
236,Raphael le Guen,Stade Brest,Crystal Palace,2026-summer,unknown,,,,auto,[auto-ingested] 1 claim(s); to_club provisional
237,Michele Cancellieri,,Celtic,2026-summer,unknown,,,,auto,[auto-ingested] 1 claim(s); to_club provisional
238,Austin MacPhee,Aston Villa,Chelsea,2026-summer,completed,,2026-08-10,https://en.wikipedia.org/wiki/Austin_MacPhee,auto,"[auto] player joined Chelsea - the rumoured destination | In July 2026, MacPhee departed Aston Villa and joined fellow Premier League club Chelsea as set-piece coach after they activated his release clause."
239,Cristian Romero,Tottenham Hotspur,Atletico Madrid,2026-summer,completed,,2026-08-15,https://en.wikipedia.org/wiki/Cristian_Romero,auto,"[auto] player joined Atlético Madrid - the rumoured destination | On 15 August 2026, Romero signed for La Liga club Atlético Madrid on a five-year contract."
240,Mason Mount,,Manchester United,2026-summer,unknown,,,,auto,[auto-ingested] 1 claim(s); to_club provisional
241,Vinícius Júnior,Real Madrid,Arsenal,2026-summer,unknown,,,,auto,[auto-ingested] 1 claim(s); to_club provisional
242,Vinicius Jr,,Arsenal,2026-summer,unknown,,,,auto,[auto-ingested] 1 claim(s); to_club provisional
243,Jamie Gittens,Chelsea,Bayer Leverkusen,2026-summer,unknown,,,,auto,[auto-ingested] 1 claim(s); to_club provisional
245,Danny Welbeck,Brighton,Chelsea,2026-summer,unknown,,,,auto,[auto-ingested] 1 claim(s); to_club provisional
246,Rodrigo Hernández Cascante,Manchester City,Barcelona,2026-summer,completed,,2026-08-19,https://en.wikipedia.org/wiki/Rodrigo_Hernández_Cascante,auto,"[auto] player joined Barcelona - the rumoured destination | On 18 August 2026, Rodri signed for La Liga champions Barcelona on a four-year contract."
247,Jordan Henderson,Brentford,Chelsea,2026-summer,unknown,,,,auto,[auto-ingested] 1 claim(s); to_club provisional
249,Rodri,Manchester City,Barcelona,2026-summer,completed,,2026-08-19,https://en.wikipedia.org/wiki/Rodri,auto,"[auto] player joined Barcelona - the rumoured destination | On 18 August 2026, Rodri signed for La Liga champions Barcelona on a four-year contract."
250,Dayann Methalie,Toulouse,Sunderland,2026-summer,collapsed,,2026-08-16,https://en.wikipedia.org/wiki/Dayann_Methalie,auto,"[auto] player joined Sunderland A.F.C., not Sunderland - rumour did not happen | In August 2026, Methalie joined Sunderland on a permanent transfer deal."
252,Liam Cullen,Swansea City,Leicester City,2026-summer,completed,,2026-07-31,https://en.wikipedia.org/wiki/Liam_Cullen,YES,"[auto] player joined Leicester City - the rumoured destination | On 31 July 2026, Cullen signed for recently relegated EFL League One club Leicester City for an undisclosed fee."
253,Oliver Antman,Rangers,Anderlecht,2026-summer,completed,,2026-08-07,https://en.wikipedia.org/wiki/Oliver_Antman,auto,"[auto] player joined RSC Anderlecht - the rumoured destination | On 29 July 2026, Antman left Rangers to join Belgian Pro League side RSC Anderlecht for a fee of around £4.5 million."
254,Sebastian Berhalter,Vancouver Whitecaps,Middlesbrough,2026-summer,completed,,2026-07-29,https://en.wikipedia.org/wiki/Sebastian_Berhalter,YES,"[auto] player joined Middlesbrough - the rumoured destination | On July 28, 2026, Berhalter joined EFL Championship club Middlesbrough for an undisclosed fee on a four-year deal."
255,Eli Junior Kroupi,Bournemouth,Barcelona,2026-summer,unknown,,,,auto,[auto] re-opened: the classifier no longer calls this a collapse on its own recorded evidence (joined Premier League club Bournemouth); the prior collapse rested on the old destination
256,Takehiro Tomiyasu,Arsenal,Crystal Palace,2026-summer,unknown,,,,auto,[auto-ingested] 1 claim(s); to_club provisional
258,Tolu Arokodare,Wolverhampton Wanderers,Ajax,2026-summer,completed,,2026-07-30,https://en.wikipedia.org/wiki/Tolu_Arokodare,YES,"[auto] player joined Ajax - the rumoured destination | On 29 July 2026, Tolu joined Eredivisie club Ajax on a season-long loan with an option to buy."
259,Alistair Johnston,Celtic,Everton,2026-summer,unknown,,,,auto,[auto-ingested] 1 claim(s); to_club provisional
260,Danny Imray,Crystal Palace,Wrexham,2026-summer,completed,,2026-07-30,https://en.wikipedia.org/wiki/Danny_Imray,YES,"[auto] player joined Wrexham - the rumoured destination | On 29 July 2026, Wrexham announced the signing of Imray to a four-year deal."
261,Jack Grealish,Manchester City,Atlético Madrid,2026-summer,unknown,,,,auto,[auto-ingested] 1 claim(s); to_club provisional
262,Kalvin Phillips,Manchester City,Sheffield United,2026-summer,unknown,,,,auto,[auto-ingested] 1 claim(s); to_club provisional
263,Olwethu Makhanya,Philadelphia Union,Rangers,2026-summer,completed,,2026-07-30,https://en.wikipedia.org/wiki/Olwethu_Makhanya,YES,"[auto] player joined Rangers - the rumoured destination | On 30 July 2026, Makhanya signed for Scottish Premiership club Rangers on a four-year deal with the option for an additional year."
264,Arne Engels,Celtic,West Ham,2026-summer,completed,,2026-08-14,https://en.wikipedia.org/wiki/Arne_Engels,auto,"[auto] player joined West Ham United - the rumoured destination | On 14 August 2026, Engels signed a five-year contract with EFL Championship side West Ham United."
265,Liam Delap,Chelsea,,2026-summer,unknown,,,,auto,[auto-ingested] 1 claim(s); to_club provisional
266,Chris Cadden,Hibernian,Aberdeen,2026-summer,completed,,2026-07-31,https://en.wikipedia.org/wiki/Chris_Cadden,YES,[auto] player joined Aberdeen - the rumoured destination | Cadden signed a two-year contract with Aberdeen on 31 July 2026.
267,Mamadou Sangare,Lens,Brentford,2026-summer,completed,,2026-08-01,https://en.wikipedia.org/wiki/Mamadou_Sangare,YES,"[auto] player joined Brentford FC - the rumoured destination | On 1 August 2026, Brentford FC announced the signing of Sangaré on a five-year contract with a club option for a further year."
268,Lewis-Skelly,Arsenal,Manchester United,2026-summer,unknown,,,,auto,[auto-ingested] 1 claim(s); to_club provisional
269,Mohamed Salah,Liverpool,Trabzonspor,2026-summer,unknown,,,,auto,[auto-ingested] 1 claim(s); to_club provisional
270,Gineitis,,Celtic,2026-summer,unknown,,,,auto,[auto-ingested] 1 claim(s); to_club provisional
271,Juanlu,Sevilla,Bournemouth,2026-summer,completed,,2026-08-07,https://en.wikipedia.org/wiki/Juanlu,YES,"[auto] player joined Premier League side Bournemouth - the rumoured destination | On 6 August 2026, Juanlu signed for Premier League side Bournemouth in a deal worth up to £11.2m."
273,Cody Gakpo,Liverpool,Tottenham Hotspur,2026-summer,unknown,,,,auto,[auto-ingested] 1 claim(s); to_club provisional
274,Lukas Hornicek,Braga,Newcastle United,2026-summer,completed,,2026-08-03,https://en.wikipedia.org/wiki/Lukas_Hornicek,YES,"[auto] player joined Newcastle United - the rumoured destination | On 3 August 2026, Horníček signed for Premier League club Newcastle United."
275,Valentín Barco,Strasbourg,Chelsea,2026-summer,completed,,2026-08-03,https://en.wikipedia.org/wiki/Valentín_Barco,YES,"[auto] player joined Chelsea - the rumoured destination | On 2 August 2026, Chelsea announced the signing of Barco on a seven-year contract until 2033 for a reported deal of £34 million."
276,Victor Osimhen,Galatasaray,Arsenal,2026-summer,unknown,,,,auto,[auto-ingested] 1 claim(s); to_club provisional
277,Jadon Sancho,Manchester United,Flixton FC,2026-summer,collapsed,,2026-08-03,https://en.wikipedia.org/wiki/Jadon_Sancho,auto,"[auto] player joined Aston Villa, not Flixton FC - rumour did not happen | On 1 September, Sancho signed for fellow Premier League club Aston Villa on a season-long loan."
278,Daisuke Yokota,Hannover,Rangers,2026-summer,completed,,2026-08-07,https://en.wikipedia.org/wiki/Daisuke_Yokota,auto,"[auto] player joined Rangers - the rumoured destination | Yokota chose to join Rangers, signing a three-year contract on 5 August 2026."
279,Gonzalo Garcia,Real Madrid,Fulham,2026-summer,unknown,,,,auto,[auto-ingested] 1 claim(s); to_club provisional
280,Carl Rushworth,Brighton and Hove Albion,Coventry City,2026-summer,completed,,2026-08-04,https://en.wikipedia.org/wiki/Carl_Rushworth,YES,"[auto] player joined Coventry City - the rumoured destination | Despite an initial transfer bid being rejected by Brighton in June 2026, Rushworth joined Coventry permanently on 4 August 2026."
281,Filip Jorgensen,Chelsea,Strasbourg,2026-summer,completed,,2026-08-12,https://en.wikipedia.org/wiki/Filip_Jorgensen,auto,"[auto] player joined Ligue 1 side Strasbourg - the rumoured destination | On 11 August 2026, Jörgensen joined Ligue 1 side Strasbourg on loan for the 2026–27 season."
282,Costa,Porto,Chelsea,2026-summer,unknown,,,,auto,[auto-ingested] 1 claim(s); to_club provisional
283,Folarin Balogun,AS Monaco,Tottenham Hotspur,2026-summer,unknown,,,,auto,[auto-ingested] 1 claim(s); to_club provisional
284,Ghedjemis,,Celtic,2026-summer,unknown,,,,auto,[auto-ingested] 1 claim(s); to_club provisional
285,Pep Chavarria,Rayo Vallecano,Chelsea,2026-summer,completed,,2026-08-13,https://en.wikipedia.org/wiki/Pep_Chavarria,auto,"[auto] player joined Chelsea - the rumoured destination | On 12 August 2026, Chavarría joined Premier League club Chelsea on a five-year contract for an initial £16.3 million, plus £1.7 million in possible add-ons."
286,Tijjani Reijnders,,Al-Qadsiah,2026-summer,collapsed,,2026-08-13,https://en.wikipedia.org/wiki/Tijjani_Reijnders,auto,"[auto] player joined Manchester City, not Al-Qadsiah - rumour did not happen | On 11 June 2025, Premier League club Manchester City announced the signing of Reijnders on a five-year deal reportedly worth £46.5m."
287,Ibrahim Mbaye,Paris Saint-Germain,Liverpool,2026-summer,unknown,,,,auto,[auto-ingested] 1 claim(s); to_club provisional
288,Jack Moylan,Lincoln City,Cardiff City,2026-summer,completed,,2026-08-05,https://en.wikipedia.org/wiki/Jack_Moylan,YES,"[auto] player joined Cardiff City - the rumoured destination | On 4 August 2026, Moylan signed a four-year contract at EFL Championship club Cardiff City for an undisclosed fee."
289,Konstantinos Tzolakis,Olympiacos,Hull City,2026-summer,completed,,2026-08-05,https://en.wikipedia.org/wiki/Konstantinos_Tzolakis,YES,"[auto] player joined Hull City - the rumoured destination | On 5 August 2026, Tzolakis signed a five-year contract with newly promoted Premier League club Hull City."
290,Zavier Gozo,Real Salt Lake,Crystal Palace,2026-summer,completed,,2026-08-19,https://en.wikipedia.org/wiki/Zavier_Gozo,auto,"[auto] player joined Crystal Palace - the rumoured destination | On August 18, 2026, Gozo signed with Premier League club Crystal Palace on a five-year deal."
291,Christian Norgaard,Arsenal,Everton,2026-summer,completed,,2026-08-06,https://en.wikipedia.org/wiki/Christian_Norgaard,YES,"[auto] player joined Everton - the rumoured destination | In August 2026, Nørgaard transferred to Everton on a two-year contract from Arsenal."
292,Juanlu Sanchez,Sevilla,Bournemouth,2026-summer,unknown,,,,auto,[auto-ingested] 1 claim(s); to_club provisional
293,Ross Stewart,Southampton,Swansea City,2026-summer,completed,,2026-08-07,https://en.wikipedia.org/wiki/Ross_Stewart,YES,"[auto] player joined Swansea City - the rumoured destination | On 6 August 2026, Stewart joined Swansea City on a three-year contract."
294,Chancelle Effa Effa,Le Havre,Birmingham City,2026-summer,completed,,2026-08-09,https://en.wikipedia.org/wiki/Chancelle_Effa_Effa,auto,"[auto] player joined Birmingham City - the rumoured destination | On 6 August 2026, newly-promoted Women's Super League club Birmingham City announced the transfer acquisition of Effa Effa from Le Havre for a fee reportedly just upwards of £100,000."
295,Mariona Caldentey,,Arsenal,2026-summer,unknown,,,,auto,[auto-ingested] 1 claim(s); to_club provisional
296,Will Ferry,Anderlecht,Dundee United,2026-summer,unknown,,,,auto,[auto-ingested] 1 claim(s); to_club provisional
297,Jens Hjerto-Dahl,Tromso,Hull City,2026-summer,unknown,,,,auto,[auto-ingested] 1 claim(s); to_club provisional
298,Caleb Yirenkyi,,Coventry City,2026-summer,completed,,2026-08-08,https://en.wikipedia.org/wiki/Caleb_Yirenkyi,auto,"[auto] player joined Coventry City - the rumoured destination | On 7 August 2026, Yirenkyi joined Premier League club Coventry City for an undisclosed club record fee on a long-term contract."
299,Dean Campbell,Northampton Town,Notts County,2026-summer,unknown,,,,auto,[auto-ingested] 1 claim(s); to_club provisional
300,Enzo Fernandez,Chelsea,Manchester City,2026-summer,unknown,,,,auto,[auto-ingested] 1 claim(s); to_club provisional
301,Geronimo Rulli,Marseille,Manchester City,2026-summer,completed,,2026-08-13,https://en.wikipedia.org/wiki/Geronimo_Rulli,auto,"[auto] player joined Manchester City - the rumoured destination | On 12 August 2026, Rulli signed a two-year contract with Premier League club Manchester City."
302,Ronald Araujo,Barcelona,Liverpool,2026-summer,completed,,2026-08-11,https://en.wikipedia.org/wiki/Ronald_Araujo,auto,"[auto] player joined Liverpool - the rumoured destination | On 10 August 2026, Araújo joined Premier League club Liverpool on a season-long loan deal with an option to buy."
303,Ilias Driouech,PSV Eindhoven,Rangers,2026-summer,unknown,,,,auto,[auto-ingested] 1 claim(s); to_club provisional
304,Mitchy Ntelo,Yverdon-Sport,Aberdeen,2026-summer,completed,,2026-08-14,https://en.wikipedia.org/wiki/Mitchy_Ntelo,auto,"[auto] player joined Aberdeen - the rumoured destination | On 8 August 2026, Ntelo joined Aberdeen."
305,Radek Vitek,Manchester United,Middlesbrough,2026-summer,collapsed,,2026-08-08,https://en.wikipedia.org/wiki/Radek_Vitek,auto,"[auto] player joined Bristol City, not Middlesbrough - rumour did not happen | On 28 July 2025, Vítek signed a new contract with Manchester United until 2028 and joined EFL Championship club Bristol City on a season-long loan deal."
306,Alexandros Kyziridis,Heart of Midlothian,Corum,2026-summer,completed,,2026-08-11,https://en.wikipedia.org/wiki/Alexandros_Kyziridis,auto,"[auto] player joined Çorum - the rumoured destination | On 10 August 2026, Kyziridis joined newly promoted Turkish Süper Lig club Çorum for a reported transfer fee of around £1.7m."
307,Dwight McNeil,Everton,Crystal Palace,2026-summer,completed,,2026-08-11,https://en.wikipedia.org/wiki/Dwight_McNeil,auto,"[auto] player joined Crystal Palace - the rumoured destination | On 11 August 2026, McNeil joined Crystal Palace on a four-year contract."
308,Louis Page,Leicester City,Manchester United,2026-summer,unknown,,,,auto,[auto-ingested] 1 claim(s); to_club provisional
309,Robbie Ure,IK Sirius,Sevilla,2026-summer,completed,,2026-08-11,https://en.wikipedia.org/wiki/Robbie_Ure,auto,"[auto] player joined Sevilla - the rumoured destination | On 11 August 2026, Ure signed a five-year contract with La Liga side Sevilla."
310,Shea Charles,Manchester City,Fulham,2026-summer,completed,,2026-08-11,https://en.wikipedia.org/wiki/Shea_Charles,auto,"[auto] player joined Fulham - the rumoured destination | On 11 August 2026, Charles joined Fulham on a five-year contract for a reported fee of £30 million"
311,Endrick,Real Madrid,Aston Villa,2026-summer,unknown,,,,auto,[auto-ingested] 2 claim(s); to_club provisional
312,Lucas Digne,Aston Villa,Paris Saint-Germain,2026-summer,completed,,2026-08-10,https://en.wikipedia.org/wiki/Lucas_Digne,auto,"[auto] player joined Paris Saint-Germain - the rumoured destination | On 9 August 2026, Digne returned to Paris Saint-Germain, joining the club on a three-year contract until 2029."
313,Mohamed Diomande,Rangers,Corum,2026-summer,completed,,2026-08-13,https://en.wikipedia.org/wiki/Mohamed_Diomande,auto,"[auto] player joined Çorum - the rumoured destination | On 12 August 2026, Diomande joined newly promoted Turkish Süper Lig club Çorum for a reported transfer fee of around £4.5m."
314,Anthony Patterson,Sunderland,Wrexham,2026-summer,completed,,2026-08-11,https://en.wikipedia.org/wiki/Anthony_Patterson,auto,[auto] player joined Wrexham - the rumoured destination | Patterson signed a four-year contract with Wrexham on 11 August 2026.
315,Brennan Johnson,Crystal Palace,Everton,2026-summer,completed,,2026-08-12,https://en.wikipedia.org/wiki/Brennan_Johnson,auto,"[auto] player joined Everton - the rumoured destination | On 11 August 2026, Johnson joined Everton on a four-year contract."
316,Anan Khalaili,Union Saint-Gilloise,Crystal Palace,2026-summer,completed,,2026-08-15,https://en.wikipedia.org/wiki/Anan_Khalaili,auto,[auto] player joined Crystal Palace - the rumoured destination | Khalili signed with Premier League club Crystal Palace on 15 August 2026 until 2031 in exchange for a reported £21m fee.
317,Manor Solomon,Tottenham Hotspur,West Ham United,2026-summer,completed,,2026-08-11,https://en.wikipedia.org/wiki/Manor_Solomon,auto,"[auto] player joined West Ham United - the rumoured destination | On 10 August 2026, Solomon signed for EFL Championship club West Ham United for an undisclosed fee on a three-year contract, with an optional extension of a year."
318,Evann Guessand,Aston Villa,Crystal Palace,2026-summer,completed,,2026-08-13,https://en.wikipedia.org/wiki/Evann_Guessand,auto,"[auto] player joined Crystal Palace - the rumoured destination | On 12 August, they announced they had re-signed Guessand on a further season-long loan deal"
319,Mykhailo Mudryk,Chelsea,,2026-summer,unknown,,,,auto,[auto-ingested] 1 claim(s); to_club provisional
320,Jamie Vardy,,West Ham United,2026-summer,unknown,,,,auto,[auto-ingested] 1 claim(s); to_club provisional
321,Myles Lewis-Skelly,Arsenal,Manchester United,2026-summer,unknown,,,,auto,[auto-ingested] 1 claim(s); to_club provisional
322,Gustavo Hamer,Sheffield United,Coventry City,2026-summer,completed,,2026-08-12,https://en.wikipedia.org/wiki/Gustavo_Hamer,auto,"[auto] player joined Coventry City - the rumoured destination | On 11 August 2026, almost three years after leaving Coventry City, Hamer re-signed for an undisclosed fee on a new long-term contract."
323,Jayden Meghoma,Brentford,Rangers,2026-summer,completed,,2026-08-12,https://en.wikipedia.org/wiki/Jayden_Meghoma,auto,"[auto] player joined Rangers - the rumoured destination | On 17 August 2025, Meghoma joined Rangers on a season-long loan."
324,Mykhaylo Mudryk,Chelsea,Coventry City,2026-summer,unknown,,,,auto,[auto-ingested] 1 claim(s); to_club provisional
325,Ferran Torres,Barcelona,Paris Saint-Germain,2026-summer,completed,,2026-08-15,https://en.wikipedia.org/wiki/Ferran_Torres,auto,"[auto] player joined Paris Saint-Germain - the rumoured destination | On 15 August 2026, Torres joined Ligue 1 club Paris Saint-Germain on a five-year contract."
326,Julio Enciso,Strasbourg,Ipswich Town,2026-summer,collapsed,,2026-08-13,https://en.wikipedia.org/wiki/Julio_Enciso,auto,"[auto] player joined RC Strasbourg, not Ipswich Town - rumour did not happen | On 1 September 2025, Enciso joined Ligue 1 club Strasbourg on a deal worth £17 million, with Brighton retaining a sell-on clause."
327,Lamine Camara,Monaco,Crystal Palace,2026-summer,unknown,,,,auto,[auto-ingested] 1 claim(s); to_club provisional
328,Matteo Ruggeri,Atletico Madrid,Aston Villa,2026-summer,completed,,2026-08-20,https://en.wikipedia.org/wiki/Matteo_Ruggeri,auto,"[auto] player joined Aston Villa - the rumoured destination | On 19 August 2026, Ruggeri signed for Premier League club Aston Villa for an undisclosed transfer fee, reported to be around £17 million."
329,Emenalo,Chelsea,Celtic,2026-summer,unknown,,,,auto,[auto-ingested] 1 claim(s); to_club provisional
330,Gabriel Martinelli,Arsenal,Galatasaray,2026-summer,unknown,,,,auto,[auto-ingested] 1 claim(s); to_club provisional
331,Nobel Mendy,Rayo Vallecano,Hull City,2026-summer,completed,,2026-08-13,https://en.wikipedia.org/wiki/Nobel_Mendy,auto,"[auto] player joined Hull City - the rumoured destination | On 12 August 2026, Mendy signed for newly promoted Premier League club Hull City for an undisclosed club record fee on a five-year deal."
332,Romelu Lukaku,Napoli,Fenerbahce,2026-summer,unknown,,,,auto,[auto-ingested] 1 claim(s); to_club provisional
333,Enes Unal,Bournemouth,Getafe,2026-summer,completed,,2026-08-14,https://en.wikipedia.org/wiki/Enes_Unal,auto,"[auto] player joined Getafe - the rumoured destination | On 13 August 2026, Getafe announced Ünal's return on a three-year contract."
334,Couhaib Driouech,PSV Eindhoven,Rangers,2026-summer,unknown,,,,auto,[auto-ingested] 1 claim(s); to_club provisional
335,Kelsy,,Rangers,2026-summer,unknown,,,,auto,[auto-ingested] 1 claim(s); to_club provisional
336,Jarell Quansah,Bayer Leverkusen,Arsenal,2026-summer,unknown,,,,auto,[auto-ingested] 3 claim(s); to_club provisional
337,Sofie Lundgaard,Liverpool,Eintracht Frankfurt,2026-summer,completed,,2026-08-14,https://en.wikipedia.org/wiki/Sofie_Lundgaard,auto,"[auto] player joined Eintracht Frankfurt - the rumoured destination | On 14 August 2026, Lundgaard joined Frauen-Bundesliga side Eintracht Frankfurt for an undisclosed fee."
338,Danny Rohl,Rangers,Red Bull Salzburg,2026-summer,completed,,2026-08-15,https://en.wikipedia.org/wiki/Danny_Rohl,auto,[auto] player joined Red Bull Salzburg - the rumoured destination | In June 2026 he was appointed manager of Red Bull Salzburg.
339,Dastan Satpayev,Chelsea,Burnley,2026-summer,completed,,2026-08-16,https://en.wikipedia.org/wiki/Dastan_Satpayev,auto,"[auto] player joined Burnley - the rumoured destination | On 14 August 2026, Satpayev's transfer to Chelsea was made official. He signed a seven-year contract with Chelsea and subsequently joined Championship club Burnley on a season-long loan."
340,Jack Hinshelwood,,Arsenal,2026-summer,unknown,,,,auto,[auto-ingested] 1 claim(s); to_club provisional
341,Ana Khalaili,Union Saint-Gilloise,Crystal Palace,2026-summer,unknown,,,,auto,[auto-ingested] 1 claim(s); to_club provisional
342,Calum Scanlon,Liverpool,Cardiff City,2026-summer,unknown,,,,auto,[auto-ingested] 1 claim(s); to_club provisional
343,Amar Dedic,Benfica,Newcastle United,2026-summer,completed,,2026-08-18,https://en.wikipedia.org/wiki/Amar_Dedic,auto,"[auto] player joined Newcastle United - the rumoured destination | On 18 August 2026, Dedić signed for Premier League club Newcastle United on a five-year contract."
344,Joe Gelhardt,Leeds United,Hull City,2026-summer,completed,,2026-08-15,https://en.wikipedia.org/wiki/Joe_Gelhardt,auto,"[auto] player joined Hull City - the rumoured destination | On 15 August 2026, Gelhardt signed a four-year contract with Premier League club Hull City, for a fee of £6.5m."
345,James Penrice,AEK Athens,Rangers,2026-summer,completed,,2026-08-15,https://en.wikipedia.org/wiki/James_Penrice,auto,"[auto] player joined Rangers - the rumoured destination | On 15 August 2026, Penrice signed for Scottish Premiership club Rangers on loan, with an option to buy."
346,Zion Suzuki,Parma,Aston Villa,2026-summer,completed,,2026-08-19,https://en.wikipedia.org/wiki/Zion_Suzuki,auto,"[auto] player joined Aston Villa - the rumoured destination | On 19 August 2026, Suzuki signed for Premier League club Aston Villa for an undisclosed fee, reported to be an initial €30 million, which could rise to €35 million with bonuses."
347,Nico Elvedi,Borussia Monchengladbach,Leeds United,2026-summer,completed,,2026-08-19,https://en.wikipedia.org/wiki/Nico_Elvedi,auto,[auto] player joined Leeds United - the rumoured destination | Elvedi joined Leeds United on 19th August 2026.
348,Taiwo Awoniyi,Nottingham Forest,Coventry City,2026-summer,completed,,2026-08-18,https://en.wikipedia.org/wiki/Taiwo_Awoniyi,auto,"[auto] player joined Coventry City - the rumoured destination | On 17 August 2026, Awoniyi signed for Premier League club Coventry City for a reported fee of £9 million."
349,Alexis Mac Allister,Liverpool,Manchester City,2026-summer,unknown,,,,auto,[auto-ingested] 1 claim(s); to_club provisional
350,Guglielmo Vicario,Tottenham Hotspur,Juventus,2026-summer,completed,,2026-08-18,https://en.wikipedia.org/wiki/Guglielmo_Vicario,auto,"[auto] player joined Juventus - the rumoured destination | On 18 August 2026, Vicario joined Serie A club Juventus on a season-long loan."
351,Pedro Neto,,Manchester City,2026-summer,unknown,,,,auto,[auto-ingested] 1 claim(s); to_club provisional
352,Amario Cozier-Duberry,Brighton,Rangers,2026-summer,collapsed,,2026-08-17,https://en.wikipedia.org/wiki/Amario_Cozier-Duberry,auto,"[auto] player joined Bolton Wanderers, not Rangers - rumour did not happen | Cozier-Duberry joined League One club Bolton Wanderers on a season-long loan on 5 July 2025."
353,Bruno Fernandes,Manchester United,Galatasaray,2026-summer,unknown,,,,auto,[auto-ingested] 2 claim(s); to_club provisional
354,Emi Martinez,Aston Villa,Juventus,2026-summer,unknown,,,,auto,[auto-ingested] 1 claim(s); to_club provisional
355,Hatate,Celtic,,2026-summer,unknown,,,,auto,[auto-ingested] 1 claim(s); to_club provisional
356,Toby Collyer,Manchester United,West Bromwich Albion,2026-summer,completed,,2026-08-18,https://en.wikipedia.org/wiki/Toby_Collyer,auto,"[auto] player joined West Bromwich Albion - the rumoured destination | On 15 August 2025, Collyer joined West Bromwich Albion on a season-long loan."
357,Safia Middleton-Patel,Manchester United,Watford,2026-summer,completed,,2026-08-18,https://en.wikipedia.org/wiki/Safia_Middleton-Patel,auto,"[auto] player joined Watford - the rumoured destination | Middleton-Patel was loaned to Watford again, this time for the full 2026–27 season, on 18 August 2026."
358,Aaron Wan-Bissaka,West Ham,Aston Villa,2026-summer,unknown,,,,auto,[auto-ingested] 1 claim(s); to_club provisional
359,Keito Nakamura,Stade de Reims,Hull City,2026-summer,unknown,,,,auto,[auto-ingested] 1 claim(s); to_club provisional
360,Promise David,Royale Union Saint-Gilloise,Brighton & Hove Albion,2026-summer,completed,,2026-08-19,https://en.wikipedia.org/wiki/Promise_David,auto,"[auto] player joined Brighton & Hove Albion - the rumoured destination | On 18 August 2026, David joined Premier League club Brighton & Hove Albion on a season-long loan, with an obligation to buy if certain criteria were met."
361,Troy Parrott,AZ Alkmaar,Real Betis,2026-summer,unknown,,,,auto,[auto-ingested] 1 claim(s); to_club provisional
362,Carlos Baleba,Brighton,Manchester United,2026-summer,unknown,,,,auto,[auto-ingested] 2 claim(s); to_club provisional
363,Ethan Nwaneri,Arsenal,,2026-summer,unknown,,,,auto,[auto-ingested] 1 claim(s); to_club provisional
364,Jackie Burns,,Burnley,2026-summer,unknown,,,,auto,[auto-ingested] 1 claim(s); to_club provisional
365,Kosta Nedeljkovic,Aston Villa,Rangers,2026-summer,collapsed,,2026-08-19,https://en.wikipedia.org/wiki/Kosta_Nedeljkovic,auto,"[auto] player joined RB Leipzig, not Rangers - rumour did not happen | On 14 July 2025, Nedeljković re-joined RB Leipzig for a season-long loan."
366,Ollie Watkins,Aston Villa,Al Hilal,2026-summer,unknown,,,,auto,[auto-ingested] 2 claim(s); to_club provisional
367,Sidiki Cherif,Fenerbahce,Coventry,2026-summer,collapsed,,2026-08-19,https://en.wikipedia.org/wiki/Sidiki_Cherif,auto,"[auto] player joined Coventry City, not Coventry - rumour did not happen | On August 18 2026, he joined Premier League club Coventry City for a fee of €21,000,000."
368,Nico González,Manchester City,Newcastle United,2026-summer,unknown,,,,auto,[auto-ingested] 1 claim(s); to_club provisional
